00000000,00000002,Super Smash Bros.,Super Mario,Mario,Mario,
00000000,00340102,Super Mario Bros.,Super Mario,Mario,Mario,
00000000,003c0102,Super Mario Bros.,Super Mario,Mario,Mario - Gold Edition,
00000000,003d0102,Super Mario Bros.,Super Mario,Mario,Mario - Silver Edition,
00000000,02380602,8-bit Mario,Super Mario,Mario,8-Bit Mario Classic Color,
00000000,02390602,8-bit Mario,Super Mario,Mario,8-Bit Mario Modern Color,
00000000,03710102,Super Mario Bros.,Super Mario,Mario,Mario - Wedding,
00000003,039bff02,Super Nintendo World,Super Mario,Mario,Mario - Power Up Band,
00000100,00190002,Super Smash Bros.,Super Mario,Mario,Dr. Mario,
00000300,03a60102,Super Mario Bros.,Super Mario,Mario,Mario - Cat,
00010000,000c0002,Super Smash Bros.,Super Mario,Luigi,Luigi,
00010000,00350102,Super Mario Bros.,Super Mario,Luigi,Luigi,
00010003,039cff02,Super Nintendo World,Super Mario,Luigi,Luigi - Power Up Band,
00020000,00010002,Super Smash Bros.,Super Mario,Peach,Peach,
00020000,00360102,Super Mario Bros.,Super Mario,Peach,Peach,
00020000,03720102,Super Mario Bros.,Super Mario,Peach,Peach - Wedding,
00020003,039dff02,Super Nintendo World,Super Mario,Peach,Peach - Power Up Band,
00020100,03a70102,Super Mario Bros.,Super Mario,Peach,Peach - Cat,
00030000,00020002,Super Smash Bros.,Super Mario,Yoshi,Yoshi,
00030000,00370102,Super Mario Bros.,Super Mario,Yoshi,Yoshi,
00030003,039fff02,Super Nintendo World,Super Mario,Yoshi,Yoshi - Power Up Band,
00030102,00410302,Yoshi's Woolly World,Super Mario,Yoshi,Green Yarn Yoshi,
00030102,00420302,Yoshi's Woolly World,Super Mario,Yoshi,Pink Yarn Yoshi,
00030102,00430302,Yoshi's Woolly World,Super Mario,Yoshi,Light Blue Yarn Yoshi,
00030102,023e0302,Yoshi's Woolly World,Super Mario,Yoshi,Mega Yarn Yoshi,
00040000,02620102,Super Mario Bros.,Super Mario,Rosalina,Rosalina,
00040100,00130002,Super Smash Bros.,Super Mario,Rosalina,Rosalina & Luma,
00050000,00140002,Super Smash Bros.,Super Mario,Bowser,Bowser,
00050000,00390102,Super Mario Bros.,Super Mario,Bowser,Bowser,
00050000,03730102,Super Mario Bros.,Super Mario,Bowser,Bowser - Wedding,
0005ff00,023a0702,Skylanders,Super Mario,Bowser,Hammer Slam Bowser,
00060000,00150002,Super Smash Bros.,Super Mario,Bowser Jr.,Bowser Jr.,
00070000,001a0002,Super Smash Bros.,Super Mario,Wario,Wario,
00070000,02630102,Super Mario Bros.,Super Mario,Wario,Wario,
00080000,00030002,Super Smash Bros.,Super Mario,Donkey Kong,Donkey Kong,
00080000,02640102,Super Mario Bros.,Super Mario,Donkey Kong,Donkey Kong,
0008ff00,023b0702,Skylanders,Super Mario,Donkey Kong,Turbo Charge Donkey Kong,
00090000,000d0002,Super Smash Bros.,Super Mario,Diddy Kong,Diddy Kong,
00090000,02650102,Super Mario Bros.,Super Mario,Diddy Kong,Diddy Kong,
000a0000,00380102,Super Mario Bros.,Super Mario,Toad,Toad,
000a0003,03a0ff02,Super Nintendo World,Super Mario,Toad,Toad - Power Up Band,
00130000,02660102,Super Mario Bros.,Super Mario,Daisy,Daisy,
00130000,037a0002,Super Smash Bros.,Super Mario,Daisy,Daisy,
00130003,039eff02,Super Nintendo World,Super Mario,Daisy,Daisy - Power Up Band,
00140000,02670102,Super Mario Bros.,Super Mario,Waluigi,Waluigi,
00150000,03670102,Super Mario Bros.,Super Mario,Goomba,Goomba,
00170000,02680102,Super Mario Bros.,Super Mario,Boo,Boo,
00230000,03680102,Super Mario Bros.,Super Mario,Koopa Troopa,Koopa Troopa,
00240000,038d0002,Super Smash Bros.,Super Mario,Piranha Plant,Piranha Plant,
00800102,035d0302,Yoshi's Woolly World,Yoshi's Woolly World,Poochy,Poochy,
00c00000,037b0002,Super Smash Bros.,Donkey Kong,King K. Rool,King K. Rool,
01000000,00040002,Super Smash Bros.,The Legend of Zelda,Link,Link,
01000000,034b0902,Legend Of Zelda,The Legend of Zelda,Link,Link - Ocarina of Time,
01000000,034c0902,Legend Of Zelda,The Legend of Zelda,Link,Link - Majora's Mask,
01000000,034d0902,Legend Of Zelda,The Legend of Zelda,Link,Link - Twilight Princess,
01000000,034e0902,Legend Of Zelda,The Legend of Zelda,Link,Link - Skyward Sword,
01000000,034f0902,Legend Of Zelda,The Legend of Zelda,Link,8-Bit Link,
01000000,03530902,Legend Of Zelda,The Legend of Zelda,Link,Link - Archer,
01000000,03540902,Legend Of Zelda,The Legend of Zelda,Link,Link - Rider,旅人缰绳 旅人马鞍
01000000,037c0002,Super Smash Bros.,The Legend of Zelda,Link,Young Link,
01000000,03990902,Legend Of Zelda,The Legend of Zelda,Link,Link - Link's Awakening,
01000100,00160002,Super Smash Bros.,The Legend of Zelda,Link,Toon Link,
01000100,03500902,Legend Of Zelda,The Legend of Zelda,Link,Toon Link - The Wind Waker,
01010000,000e0002,Super Smash Bros.,The Legend of Zelda,Zelda,Zelda,黄昏弓
01010000,03520902,Legend Of Zelda,The Legend of Zelda,Zelda,Toon Zelda - The Wind Waker,
01010000,03560902,Legend Of Zelda,The Legend of Zelda,Zelda,Zelda,
01010100,00170002,Super Smash Bros.,The Legend of Zelda,Zelda,Sheik,希克面罩
01010300,04140902,Legend Of Zelda,The Legend of Zelda,Zelda,Zelda & Loftwing,
01020100,001b0002,Super Smash Bros.,The Legend of Zelda,Ganon,Ganondorf,六贤者之剑
01030000,024f0902,Legend Of Zelda,The Legend of Zelda,Midna,Midna & Wolf Link,林克狼
01050000,03580902,Legend Of Zelda,The Legend of Zelda,Daruk,Daruk,神兽兵装·鲁达尼亚
01060000,03590902,Legend Of Zelda,The Legend of Zelda,Urbosa,Urbosa,神兽兵装·娜波力斯
01070000,035a0902,Legend Of Zelda,The Legend of Zelda,Mipha,Mipha,神兽兵装·娜波力斯 卓拉之枪
01080000,035b0902,Legend Of Zelda,The Legend of Zelda,Revali,Revali,神兽兵装·梅德
01400000,03550902,Legend Of Zelda,Breath of the Wild,Guardian,Guardian,
01410000,035c0902,Legend Of Zelda,Breath of the Wild,Bokoblin,Bokoblin,
01800000,00080002,Super Smash Bros.,Animal Crossing,Villager,Villager,
01810000,024b0502,Animal Crossing,Animal Crossing,Isabelle,Isabelle - Summer Outfit,
01810000,037d0002,Super Smash Bros.,Animal Crossing,Isabelle,Isabelle,
01810001,00440502,Animal Crossing,Animal Crossing,Isabelle,Isabelle,
01810001,01d40502,Animal Crossing,Animal Crossing,Isabelle,Isabelle - Character Parfait,
01810100,023f0502,Animal Crossing,Animal Crossing,Isabelle,Isabelle - Winter Outfit,
01810101,00b40502,Animal Crossing,Animal Crossing,Isabelle,Isabelle - Winter,
01810201,011a0502,Animal Crossing,Animal Crossing,Isabelle,Isabelle - Kimono,
01810301,01700502,Animal Crossing,Animal Crossing,Isabelle,Isabelle - Dress,
01810401,03aa0502,Animal Crossing,Animal Crossing,Isabelle,Isabelle,
01810501,03bf0502,Animal Crossing,Animal Crossing,Isabelle,Isabelle - Sweater,
01820000,02400502,Animal Crossing,Animal Crossing,K.K. Slider,K. K. Slider,
01820001,00a80502,Animal Crossing,Animal Crossing,K.K. Slider,K.K. Slider,
01820001,01d80502,Animal Crossing,Animal Crossing,K.K. Slider,K. K. Slider - Pikopuri,
01820001,03b20502,Animal Crossing,Animal Crossing,K.K. Slider,K.K. Slider,
01820101,00460502,Animal Crossing,Animal Crossing,K.K. Slider,DJ KK,
01830000,02420502,Animal Crossing,Animal Crossing,Tom Nook,Tom Nook,
01830001,00450502,Animal Crossing,Animal Crossing,Tom Nook,Tom Nook,
01830101,010e0502,Animal Crossing,Animal Crossing,Tom Nook,Tom Nook - Jacket,
01830201,03a80502,Animal Crossing,Animal Crossing,Tom Nook,Tom Nook,
01830301,03be0502,Animal Crossing,Animal Crossing,Tom Nook,Tom Nook - Coat,
01840000,024d0502,Animal Crossing,Animal Crossing,Timmy & Tommy,Timmy & Tommy,
01840501,03a90502,Animal Crossing,Animal Crossing,Timmy & Tommy,Timmy & Tommy,
01850001,004b0502,Animal Crossing,Animal Crossing,Timmy,Timmy,
01850201,01170502,Animal Crossing,Animal Crossing,Timmy,Timmy - Full Apron,
01850401,01790502,Animal Crossing,Animal Crossing,Timmy,Timmy - Suit,
01860101,00af0502,Animal Crossing,Animal Crossing,Tommy,Tommy - Uniform,
01860301,01750502,Animal Crossing,Animal Crossing,Tommy,Tommy - Suit,
01870001,00470502,Animal Crossing,Animal Crossing,Sable,Sable,
01870001,03b00502,Animal Crossing,Animal Crossing,Sable,Sable,
01880000,02410502,Animal Crossing,Animal Crossing,Mabel,Mabel,
01880001,01120502,Animal Crossing,Animal Crossing,Mabel,Mabel,
01880001,03af0502,Animal Crossing,Animal Crossing,Mabel,Mabel,
01890001,00ab0502,Animal Crossing,Animal Crossing,Label,Label,
01890101,03b10502,Animal Crossing,Animal Crossing,Label,Label,
018a0000,02450502,Animal Crossing,Animal Crossing,Reese,Reese,
018a0001,00a90502,Animal Crossing,Animal Crossing,Reese,Reese,
018b0000,02460502,Animal Crossing,Animal Crossing,Cyrus,Cyrus,
018b0001,01150502,Animal Crossing,Animal Crossing,Cyrus,Cyrus,
018c0000,02430502,Animal Crossing,Animal Crossing,Digby,Digby,
018c0001,004c0502,Animal Crossing,Animal Crossing,Digby,Digby,
018c0101,01180502,Animal Crossing,Animal Crossing,Digby,Digby - Raincoat,
018d0000,024c0502,Animal Crossing,Animal Crossing,Rover,Rover,
018d0001,010c0502,Animal Crossing,Animal Crossing,Rover,Rover,
018e0000,02490502,Animal Crossing,Animal Crossing,Resetti,Resetti,
018e0001,00490502,Animal Crossing,Animal Crossing,Resetti,Resetti,
018e0101,01780502,Animal Crossing,Animal Crossing,Resetti,Resetti - Without Hat,
018f0001,00b30502,Animal Crossing,Animal Crossing,Don Resetti,Don Resetti,
018f0101,01190502,Animal Crossing,Animal Crossing,Don Resetti,Don Resetti - Without Hat,
01900001,01710502,Animal Crossing,Animal Crossing,Brewster,Brewster,
01910001,004e0502,Animal Crossing,Animal Crossing,Harriet,Harriet,
01920000,02470502,Animal Crossing,Animal Crossing,Blathers,Blathers,
01920001,010d0502,Animal Crossing,Animal Crossing,Blathers,Blathers,
01920001,03ad0502,Animal Crossing,Animal Crossing,Blathers,Blathers,
01930000,02480502,Animal Crossing,Animal Crossing,Celeste,Celeste,
01930001,01740502,Animal Crossing,Animal Crossing,Celeste,Celeste,
01930001,03ae0502,Animal Crossing,Animal Crossing,Celeste,Celeste,
01940000,024a0502,Animal Crossing,Animal Crossing,Kicks,Kicks,
01940001,00aa0502,Animal Crossing,Animal Crossing,Kicks,Kicks,
01940001,03b60502,Animal Crossing,Animal Crossing,Kicks,Kicks,
01950001,00b00502,Animal Crossing,Animal Crossing,Porter,Porter,
01960000,024e0502,Animal Crossing,Animal Crossing,Kapp'n,Kapp'n,
01960001,00480502,Animal Crossing,Animal Crossing,Kapp'n,Kapp'n,
01970001,01770502,Animal Crossing,Animal Crossing,Leilani,Leilani,
01980001,00b10502,Animal Crossing,Animal Crossing,Leila,Leila,
01990001,01160502,Animal Crossing,Animal Crossing,Grams,Grams,
019a0001,00b70502,Animal Crossing,Animal Crossing,Chip,Chip,
019b0001,00b60502,Animal Crossing,Animal Crossing,Nat,Nat,
019c0001,01730502,Animal Crossing,Animal Crossing,Phineas,Phineas,
019d0001,00ac0502,Animal Crossing,Animal Crossing,Copper,Copper,
019e0001,00ad0502,Animal Crossing,Animal Crossing,Booker,Booker,
019f0001,01110502,Animal Crossing,Animal Crossing,Pete,Pete,
01a00001,010f0502,Animal Crossing,Animal Crossing,Pelly,Pelly,
01a10001,01100502,Animal Crossing,Animal Crossing,Phyllis,Phyllis,
01a20001,017d0502,Animal Crossing,Animal Crossing,Gulliver,Gulliver,
01a20001,03b90502,Animal Crossing,Animal Crossing,Gulliver,Gulliver,
01a30001,004a0502,Animal Crossing,Animal Crossing,Joan,Joan,
01a40001,004d0502,Animal Crossing,Animal Crossing,Pascal,Pascal,
01a50001,01720502,Animal Crossing,Animal Crossing,Katrina,Katrina,
01a60001,00500502,Animal Crossing,Animal Crossing,Saharah,Saharah,
01a60001,03b70502,Animal Crossing,Animal Crossing,Saharah,Saharah,
01a70001,01140502,Animal Crossing,Animal Crossing,Wendell,Wendell,
01a80001,004f0502,Animal Crossing,Animal Crossing,Redd,Redd,
01a80101,017e0502,Animal Crossing,Animal Crossing,Redd,Redd - Shirt,
01a90001,01760502,Animal Crossing,Animal Crossing,Gracie,Gracie,
01aa0001,00530502,Animal Crossing,Animal Crossing,Lyle,Lyle,
01ab0001,017c0502,Animal Crossing,Animal Crossing,Pave,Pave,
01ac0001,017f0502,Animal Crossing,Animal Crossing,Zipper,Zipper,
01ad0001,00b80502,Animal Crossing,Animal Crossing,Jack,Jack,
01ae0001,011b0502,Animal Crossing,Animal Crossing,Franklin,Franklin,
01af0001,011c0502,Animal Crossing,Animal Crossing,Jingle,Jingle,
01b00001,00520502,Animal Crossing,Animal Crossing,Tortimer,Tortimer,
01b10001,00b20502,Animal Crossing,Animal Crossing,Shrunk,Shrunk,
01b10101,017b0502,Animal Crossing,Animal Crossing,Shrunk,Shrunk - Loud Jacket,
01b30001,00b50502,Animal Crossing,Animal Crossing,Blanca,Blanca,
01b40001,01130502,Animal Crossing,Animal Crossing,Leif,Leif,
01b50001,00510502,Animal Crossing,Animal Crossing,Luna,Luna,
01b60001,00ae0502,Animal Crossing,Animal Crossing,Katie,Katie,
01c10000,02440502,Animal Crossing,Animal Crossing,Lottie,Lottie,
01c10001,00540502,Animal Crossing,Animal Crossing,Lottie,Lottie,
01c10101,017a0502,Animal Crossing,Animal Crossing,Lottie,Lottie - Black Skirt And Bow,
01c10201,03bb0502,Animal Crossing,Animal Crossing,Lottie,Lottie - Island,
02000001,00a10502,Animal Crossing,Animal Crossing,Cyrano,Cyrano,
02010001,016a0502,Animal Crossing,Animal Crossing,Antonio,Antonio,
02020001,01030502,Animal Crossing,Animal Crossing,Pango,Pango,
02030001,019a0502,Animal Crossing,Animal Crossing,Anabelle,Anabelle,
02060001,03120502,Animal Crossing,Animal Crossing,Snooty,Snooty,
02080001,00960502,Animal Crossing,Animal Crossing,Annalisa,Annalisa,
02090001,019f0502,Animal Crossing,Animal Crossing,Olaf,Olaf,
02140001,00e40502,Animal Crossing,Animal Crossing,Teddy,Teddy,
02150001,01820502,Animal Crossing,Animal Crossing,Pinky,Pinky,
02160001,00570502,Animal Crossing,Animal Crossing,Curt,Curt,
02170001,01b30502,Animal Crossing,Animal Crossing,Chow,Chow,
02190001,007e0502,Animal Crossing,Animal Crossing,Nate,Nate,
021a0001,00da0502,Animal Crossing,Animal Crossing,Groucho,Groucho,
021b0001,00800502,Animal Crossing,Animal Crossing,Tutu,Tutu,
021c0001,02f70502,Animal Crossing,Animal Crossing,Ursala,Ursala,
021d0001,01cd0502,Animal Crossing,Animal Crossing,Grizzly,Grizzly,
021e0001,01230502,Animal Crossing,Animal Crossing,Paula,Paula,
021f0001,03170502,Animal Crossing,Animal Crossing,Ike,Ike,
02200001,00fd0502,Animal Crossing,Animal Crossing,Charlise,Charlise,
02210001,013c0502,Animal Crossing,Animal Crossing,Beardo,Beardo,
02220001,01440502,Animal Crossing,Animal Crossing,Klaus,Klaus,
022d0001,00f20502,Animal Crossing,Animal Crossing,Jay,Jay,
022e0001,01d30502,Animal Crossing,Animal Crossing,Robin,Robin,
022f0001,011e0502,Animal Crossing,Animal Crossing,Anchovy,Anchovy,
02300001,01d20502,Animal Crossing,Animal Crossing,Twiggy,Twiggy,
02310001,006a0502,Animal Crossing,Animal Crossing,Jitters,Jitters,
02320001,02ea0502,Animal Crossing,Animal Crossing,Piper,Piper,
02330001,03060502,Animal Crossing,Animal Crossing,Admiral,Admiral,
02350001,00840502,Animal Crossing,Animal Crossing,Midge,Midge,
02380001,02f80502,Animal Crossing,Animal Crossing,Jacob,Jacob,
023c0001,00bd0502,Animal Crossing,Animal Crossing,Lucha,Lucha,
023d0001,01b50502,Animal Crossing,Animal Crossing,Jacques,Jacques,
023e0001,00d10502,Animal Crossing,Animal Crossing,Peck,Peck,
023f0001,01660502,Animal Crossing,Animal Crossing,Sparro,Sparro,
024a0001,01d10502,Animal Crossing,Animal Crossing,Angus,Angus,
024b0001,01260502,Animal Crossing,Animal Crossing,Rodeo,Rodeo,
024d0001,02f60502,Animal Crossing,Animal Crossing,Stu,Stu,
024f0001,00810502,Animal Crossing,Animal Crossing,T-Bone,T-Bone,
02510001,00c10502,Animal Crossing,Animal Crossing,Coach,Coach,
02520001,00fe0502,Animal Crossing,Animal Crossing,Vic,Vic,
025d0001,00550502,Animal Crossing,Animal Crossing,Bob,Bob,
025e0001,01250502,Animal Crossing,Animal Crossing,Mitzi,Mitzi,
025f0001,01c50502,Animal Crossing,Animal Crossing,Rosie,Rosie,
025f0001,01d70502,Animal Crossing,Animal Crossing,Rosie,Rosie - Amiibo Festival,
02600001,00d20502,Animal Crossing,Animal Crossing,Olivia,Olivia,
02610001,00650502,Animal Crossing,Animal Crossing,Kiki,Kiki,
02620001,01370502,Animal Crossing,Animal Crossing,Tangy,Tangy,
02630001,00750502,Animal Crossing,Animal Crossing,Punchy,Punchy,
02640001,01ac0502,Animal Crossing,Animal Crossing,Purrl,Purrl,
02650001,01540502,Animal Crossing,Animal Crossing,Moe,Moe,
02660001,00680502,Animal Crossing,Animal Crossing,Kabuki,Kabuki,
02670001,01080502,Animal Crossing,Animal Crossing,Kid Cat,Kid Cat,
02680001,007d0502,Animal Crossing,Animal Crossing,Monique,Monique,
02690001,011f0502,Animal Crossing,Animal Crossing,Tabby,Tabby,
026a0001,01460502,Animal Crossing,Animal Crossing,Stinky,Stinky,
026b0001,00e90502,Animal Crossing,Animal Crossing,Kitty,Kitty,
026c0001,00c30502,Animal Crossing,Animal Crossing,Tom,Tom,
026d0001,013f0502,Animal Crossing,Animal Crossing,Merry,Merry,
026e0001,00ba0502,Animal Crossing,Animal Crossing,Felicity,Felicity,
026f0001,01900502,Animal Crossing,Animal Crossing,Lolly,Lolly,
02700001,00ff0502,Animal Crossing,Animal Crossing,Ankha,Ankha,
02710001,019b0502,Animal Crossing,Animal Crossing,Rudy,Rudy,
02720001,01860502,Animal Crossing,Animal Crossing,Katt,Katt,
027d0001,00630502,Animal Crossing,Animal Crossing,Bluebear,Bluebear,
027e0001,01690502,Animal Crossing,Animal Crossing,Maple,Maple,
027f0001,00b90502,Animal Crossing,Animal Crossing,Poncho,Poncho,
02800001,00830502,Animal Crossing,Animal Crossing,Pudge,Pudge,
02810001,01200502,Animal Crossing,Animal Crossing,Kody,Kody,
02820001,01810502,Animal Crossing,Animal Crossing,Stitches,Stitches,
02820001,01d60502,Animal Crossing,Animal Crossing,Stitches,Stitches - Amiibo Festival,
02830001,00c70502,Animal Crossing,Animal Crossing,Vladimir,Vladimir,
02840001,02fe0502,Animal Crossing,Animal Crossing,Murphy,Murphy,
02860001,03130502,Animal Crossing,Animal Crossing,Olive,Olive,
02870001,005a0502,Animal Crossing,Animal Crossing,Cheri,Cheri,
028a0001,02e90502,Animal Crossing,Animal Crossing,June,June,
028b0001,00e30502,Animal Crossing,Animal Crossing,Pekoe,Pekoe,
028c0001,013e0502,Animal Crossing,Animal Crossing,Chester,Chester,
028d0001,01bd0502,Animal Crossing,Animal Crossing,Barold,Barold,
028e0001,019e0502,Animal Crossing,Animal Crossing,Tammy,Tammy,
028f0101,031a0502,Animal Crossing,Animal Crossing,Marty,Marty,
02990001,00950502,Animal Crossing,Animal Crossing,Goose,Goose,
029a0001,00ee0502,Animal Crossing,Animal Crossing,Benedict,Benedict,
029b0001,00cb0502,Animal Crossing,Animal Crossing,Egbert,Egbert,
029e0001,013d0502,Animal Crossing,Animal Crossing,Ava,Ava,
02a20001,01ba0502,Animal Crossing,Animal Crossing,Becky,Becky,
02a30001,02ff0502,Animal Crossing,Animal Crossing,Plucky,Plucky,
02a40001,00720502,Animal Crossing,Animal Crossing,Knox,Knox,
02a50001,018c0502,Animal Crossing,Animal Crossing,Broffina,Broffina,
02a60001,01240502,Animal Crossing,Animal Crossing,Ken,Ken,
02b10001,00690502,Animal Crossing,Animal Crossing,Patty,Patty,
02b20001,00c40502,Animal Crossing,Animal Crossing,Tipper,Tipper,
02b70001,030f0502,Animal Crossing,Animal Crossing,Norma,Norma,
02b80001,019c0502,Animal Crossing,Animal Crossing,Naomi,Naomi,
02c30001,00dc0502,Animal Crossing,Animal Crossing,Alfonso,Alfonso,
02c40001,00670502,Animal Crossing,Animal Crossing,Alli,Alli,
02c50001,03080502,Animal Crossing,Animal Crossing,Boots,Boots,
02c70001,01220502,Animal Crossing,Animal Crossing,Del,Del,
02c90001,00cd0502,Animal Crossing,Animal Crossing,Sly,Sly,
02ca0001,01ca0502,Animal Crossing,Animal Crossing,Gayle,Gayle,
02cb0001,01360502,Animal Crossing,Animal Crossing,Drago,Drago,
02d60001,00560502,Animal Crossing,Animal Crossing,Fauna,Fauna,
02d70001,01300502,Animal Crossing,Animal Crossing,Bam,Bam,
02d80001,00e20502,Animal Crossing,Animal Crossing,Zell,Zell,
02d90001,01c80502,Animal Crossing,Animal Crossing,Bruce,Bruce,
02da0001,01330502,Animal Crossing,Animal Crossing,Deirdre,Deirdre,
02db0001,005e0502,Animal Crossing,Animal Crossing,Lopez,Lopez,
02dc0001,00be0502,Animal Crossing,Animal Crossing,Fuchsia,Fuchsia,
02dd0001,00ea0502,Animal Crossing,Animal Crossing,Beau,Beau,
02de0001,009c0502,Animal Crossing,Animal Crossing,Diana,Diana,
02df0001,01910502,Animal Crossing,Animal Crossing,Erik,Erik,
02e00101,031d0502,Animal Crossing,Animal Crossing,Chelsea,Chelsea,
02ea0001,01800502,Animal Crossing,Animal Crossing,Goldie,Goldie,
02ea0001,01d50502,Animal Crossing,Animal Crossing,Goldie,Goldie - Amiibo Festival,
02eb0001,00de0502,Animal Crossing,Animal Crossing,Butch,Butch,
02ec0001,01c40502,Animal Crossing,Animal Crossing,Lucky,Lucky,
02ed0001,015a0502,Animal Crossing,Animal Crossing,Biskit,Biskit,
02ee0001,01990502,Animal Crossing,Animal Crossing,Bones,Bones,
02ef0001,00580502,Animal Crossing,Animal Crossing,Portia,Portia,
02f00001,00a70502,Animal Crossing,Animal Crossing,Walker,Walker,
02f10001,01450502,Animal Crossing,Animal Crossing,Daisy,Daisy,
02f20001,00cc0502,Animal Crossing,Animal Crossing,Cookie,Cookie,
02f30001,02f90502,Animal Crossing,Animal Crossing,Maddie,Maddie,
02f40001,03050502,Animal Crossing,Animal Crossing,Bea,Bea,
02f80001,01380502,Animal Crossing,Animal Crossing,Mac,Mac,
02f90001,01020502,Animal Crossing,Animal Crossing,Marcel,Marcel,
02fa0001,00970502,Animal Crossing,Animal Crossing,Benjamin,Benjamin,
02fb0001,00900502,Animal Crossing,Animal Crossing,Cherry,Cherry,
02fc0001,018f0502,Animal Crossing,Animal Crossing,Shep,Shep,
03070001,00640502,Animal Crossing,Animal Crossing,Bill,Bill,
03080001,014d0502,Animal Crossing,Animal Crossing,Joey,Joey,
03090001,00c60502,Animal Crossing,Animal Crossing,Pate,Pate,
030a0001,01c70502,Animal Crossing,Animal Crossing,Maelle,Maelle,
030b0001,00790502,Animal Crossing,Animal Crossing,Deena,Deena,
030c0001,01b80502,Animal Crossing,Animal Crossing,Pompom,Pompom,
030d0001,01840502,Animal Crossing,Animal Crossing,Mallary,Mallary,
030e0001,012f0502,Animal Crossing,Animal Crossing,Freckles,Freckles,
030f0001,016d0502,Animal Crossing,Animal Crossing,Derwin,Derwin,
03100001,00f80502,Animal Crossing,Animal Crossing,Drake,Drake,
03110001,00d60502,Animal Crossing,Animal Crossing,Scoot,Scoot,
03120001,03090502,Animal Crossing,Animal Crossing,Weber,Weber,
03130001,01210502,Animal Crossing,Animal Crossing,Miranda,Miranda,
03140001,02f40502,Animal Crossing,Animal Crossing,Ketchup,Ketchup,
03160001,01c00502,Animal Crossing,Animal Crossing,Gloria,Gloria,
03170001,00a60502,Animal Crossing,Animal Crossing,Molly,Molly,
03180001,006c0502,Animal Crossing,Animal Crossing,Quillson,Quillson,
03230001,00760502,Animal Crossing,Animal Crossing,Opal,Opal,
03240001,01890502,Animal Crossing,Animal Crossing,Dizzy,Dizzy,
03250001,010a0502,Animal Crossing,Animal Crossing,Big Top,Big Top,
03260001,01390502,Animal Crossing,Animal Crossing,Eloise,Eloise,
03270001,01c30502,Animal Crossing,Animal Crossing,Margie,Margie,
03280001,02eb0502,Animal Crossing,Animal Crossing,Paolo,Paolo,
03290001,009d0502,Animal Crossing,Animal Crossing,Axel,Axel,
032a0001,03070502,Animal Crossing,Animal Crossing,Ellie,Ellie,
032c0001,01480502,Animal Crossing,Animal Crossing,Tucker,Tucker,
032d0001,00bc0502,Animal Crossing,Animal Crossing,Tia,Tia,
032e0101,031c0502,Animal Crossing,Animal Crossing,Chai,Chai,
03380001,011d0502,Animal Crossing,Animal Crossing,Lily,Lily,
03390001,01b10502,Animal Crossing,Animal Crossing,Ribbot,Ribbot,
033a0001,01cc0502,Animal Crossing,Animal Crossing,Frobert,Frobert,
033b0001,00fa0502,Animal Crossing,Animal Crossing,Camofrog,Camofrog,
033c0001,01000502,Animal Crossing,Animal Crossing,Drift,Drift,
033d0001,013a0502,Animal Crossing,Animal Crossing,Wart Jr.,Wart Jr.,
033e0001,01a20502,Animal Crossing,Animal Crossing,Puddles,Puddles,
033f0001,008f0502,Animal Crossing,Animal Crossing,Jeremiah,Jeremiah,
03410001,030e0502,Animal Crossing,Animal Crossing,Tad,Tad,
03420001,01280502,Animal Crossing,Animal Crossing,Cousteau,Cousteau,
03430001,02ef0502,Animal Crossing,Animal Crossing,Huck,Huck,
03440001,00c50502,Animal Crossing,Animal Crossing,Prince,Prince,
03450001,005f0502,Animal Crossing,Animal Crossing,Jambette,Jambette,
03470001,03020502,Animal Crossing,Animal Crossing,Raddle,Raddle,
03480001,006b0502,Animal Crossing,Animal Crossing,Gigi,Gigi,
03490001,018d0502,Animal Crossing,Animal Crossing,Croque,Croque,
034a0001,01430502,Animal Crossing,Animal Crossing,Diva,Diva,
034b0001,009f0502,Animal Crossing,Animal Crossing,Henry,Henry,
03560001,01350502,Animal Crossing,Animal Crossing,Chevre,Chevre,
03570001,00eb0502,Animal Crossing,Animal Crossing,Nan,Nan,
03580001,02fa0502,Animal Crossing,Animal Crossing,Billy,Billy,
035a0001,00850502,Animal Crossing,Animal Crossing,Gruff,Gruff,
035c0001,01290502,Animal Crossing,Animal Crossing,Velma,Velma,
035d0001,00c90502,Animal Crossing,Animal Crossing,Kidd,Kidd,
035e0001,018e0502,Animal Crossing,Animal Crossing,Pashmina,Pashmina,
03690001,00d30502,Animal Crossing,Animal Crossing,Cesar,Cesar,
036a0001,019d0502,Animal Crossing,Animal Crossing,Peewee,Peewee,
036b0001,018b0502,Animal Crossing,Animal Crossing,Boone,Boone,
036d0001,03040502,Animal Crossing,Animal Crossing,Louie,Louie,
036e0001,02fb0502,Animal Crossing,Animal Crossing,Boyd,Boyd,
03700001,015d0502,Animal Crossing,Animal Crossing,Violet,Violet,
03710001,005c0502,Animal Crossing,Animal Crossing,Al,Al,
03720001,010b0502,Animal Crossing,Animal Crossing,Rocket,Rocket,
03730001,01340502,Animal Crossing,Animal Crossing,Hans,Hans,
03740101,03190502,Animal Crossing,Animal Crossing,Rilla,Rilla,
037e0001,01560502,Animal Crossing,Animal Crossing,Hamlet,Hamlet,
037f0001,01aa0502,Animal Crossing,Animal Crossing,Apple,Apple,
03800001,01870502,Animal Crossing,Animal Crossing,Graham,Graham,
03810001,00d50502,Animal Crossing,Animal Crossing,Rodney,Rodney,
03820001,016b0502,Animal Crossing,Animal Crossing,Soleil,Soleil,
03830001,009b0502,Animal Crossing,Animal Crossing,Clay,Clay,
03840001,00860502,Animal Crossing,Animal Crossing,Flurry,Flurry,
03850001,01060502,Animal Crossing,Animal Crossing,Hamphrey,Hamphrey,
03900001,01850502,Animal Crossing,Animal Crossing,Rocco,Rocco,
03920001,01270502,Animal Crossing,Animal Crossing,Bubbles,Bubbles,
03930001,00a00502,Animal Crossing,Animal Crossing,Bertha,Bertha,
03940001,00890502,Animal Crossing,Animal Crossing,Biff,Biff,
03950001,02fc0502,Animal Crossing,Animal Crossing,Bitty,Bitty,
03980001,00bf0502,Animal Crossing,Animal Crossing,Harry,Harry,
03990001,01c20502,Animal Crossing,Animal Crossing,Hippeux,Hippeux,
03a40001,014f0502,Animal Crossing,Animal Crossing,Buck,Buck,
03a50001,015b0502,Animal Crossing,Animal Crossing,Victoria,Victoria,
03a60001,00c80502,Animal Crossing,Animal Crossing,Savannah,Savannah,
03a70001,01a10502,Animal Crossing,Animal Crossing,Elmer,Elmer,
03a80001,00910502,Animal Crossing,Animal Crossing,Rosco,Rosco,
03a90001,00710502,Animal Crossing,Animal Crossing,Winnie,Winnie,
03aa0001,00e60502,Animal Crossing,Animal Crossing,Ed,Ed,
03ab0001,03160502,Animal Crossing,Animal Crossing,Cleo,Cleo,
03ac0001,01880502,Animal Crossing,Animal Crossing,Peaches,Peaches,
03ad0001,01b20502,Animal Crossing,Animal Crossing,Annalise,Annalise,
03ae0001,00870502,Animal Crossing,Animal Crossing,Clyde,Clyde,
03af0001,012c0502,Animal Crossing,Animal Crossing,Colton,Colton,
03b00001,01a90502,Animal Crossing,Animal Crossing,Papi,Papi,
03b10001,00f00502,Animal Crossing,Animal Crossing,Julian,Julian,
03bc0001,008a0502,Animal Crossing,Animal Crossing,Yuka,Yuka,
03bd0001,00f90502,Animal Crossing,Animal Crossing,Alice,Alice,
03be0001,01980502,Animal Crossing,Animal Crossing,Melba,Melba,
03bf0001,01bc0502,Animal Crossing,Animal Crossing,Sydney,Sydney,
03c00001,03100502,Animal Crossing,Animal Crossing,Gonzo,Gonzo,
03c10001,00bb0502,Animal Crossing,Animal Crossing,Ozzie,Ozzie,
03c40001,012b0502,Animal Crossing,Animal Crossing,Canberra,Canberra,
03c50001,015c0502,Animal Crossing,Animal Crossing,Lyman,Lyman,
03c60001,00930502,Animal Crossing,Animal Crossing,Eugene,Eugene,
03d10001,00c20502,Animal Crossing,Animal Crossing,Kitt,Kitt,
03d20001,00e50502,Animal Crossing,Animal Crossing,Mathilda,Mathilda,
03d30001,02f30502,Animal Crossing,Animal Crossing,Carrie,Carrie,
03d60001,01570502,Animal Crossing,Animal Crossing,Astrid,Astrid,
03d70001,01b40502,Animal Crossing,Animal Crossing,Sylvia,Sylvia,
03d90001,01a50502,Animal Crossing,Animal Crossing,Walt,Walt,
03da0001,01510502,Animal Crossing,Animal Crossing,Rooney,Rooney,
03db0001,006d0502,Animal Crossing,Animal Crossing,Marcie,Marcie,
03e60001,00ec0502,Animal Crossing,Animal Crossing,Bud,Bud,
03e70001,012a0502,Animal Crossing,Animal Crossing,Elvis,Elvis,
03e80001,02f50502,Animal Crossing,Animal Crossing,Rex,Rex,
03ea0001,030b0502,Animal Crossing,Animal Crossing,Leopold,Leopold,
03ec0001,01830502,Animal Crossing,Animal Crossing,Mott,Mott,
03ed0001,01a30502,Animal Crossing,Animal Crossing,Rory,Rory,
03ee0001,008b0502,Animal Crossing,Animal Crossing,Lionel,Lionel,
03fa0001,00d00502,Animal Crossing,Animal Crossing,Nana,Nana,
03fb0001,01cf0502,Animal Crossing,Animal Crossing,Simon,Simon,
03fc0001,01470502,Animal Crossing,Animal Crossing,Tammi,Tammi,
03fd0001,01580502,Animal Crossing,Animal Crossing,Monty,Monty,
03fe0001,01a40502,Animal Crossing,Animal Crossing,Elise,Elise,
03ff0001,00f40502,Animal Crossing,Animal Crossing,Flip,Flip,
04000001,006f0502,Animal Crossing,Animal Crossing,Shari,Shari,
04010001,00660502,Animal Crossing,Animal Crossing,Deli,Deli,
040c0001,01590502,Animal Crossing,Animal Crossing,Dora,Dora,
040d0001,00780502,Animal Crossing,Animal Crossing,Limberg,Limberg,
040e0001,00880502,Animal Crossing,Animal Crossing,Bella,Bella,
040f0001,01500502,Animal Crossing,Animal Crossing,Bree,Bree,
04100001,007f0502,Animal Crossing,Animal Crossing,Samson,Samson,
04110001,01ab0502,Animal Crossing,Animal Crossing,Rod,Rod,
04140001,030a0502,Animal Crossing,Animal Crossing,Candi,Candi,
04150001,01bb0502,Animal Crossing,Animal Crossing,Rizzo,Rizzo,
04160001,00fb0502,Animal Crossing,Animal Crossing,Anicotti,Anicotti,
04180001,00d80502,Animal Crossing,Animal Crossing,Broccolo,Broccolo,
041a0001,00e00502,Animal Crossing,Animal Crossing,Moose,Moose,
041b0001,00f10502,Animal Crossing,Animal Crossing,Bettina,Bettina,
041c0001,01410502,Animal Crossing,Animal Crossing,Greta,Greta,
041d0001,018a0502,Animal Crossing,Animal Crossing,Penelope,Penelope,
041e0001,015f0502,Animal Crossing,Animal Crossing,Chadder,Chadder,
04290001,00700502,Animal Crossing,Animal Crossing,Octavian,Octavian,
042a0001,012d0502,Animal Crossing,Animal Crossing,Marina,Marina,
042b0001,01af0502,Animal Crossing,Animal Crossing,Zucker,Zucker,
04360001,01940502,Animal Crossing,Animal Crossing,Queenie,Queenie,
04370001,01050502,Animal Crossing,Animal Crossing,Gladys,Gladys,
04380001,03000502,Animal Crossing,Animal Crossing,Sandy,Sandy,
04390001,03110502,Animal Crossing,Animal Crossing,Sprocket,Sprocket,
043b0001,03030502,Animal Crossing,Animal Crossing,Julia,Julia,
043c0001,01cb0502,Animal Crossing,Animal Crossing,Cranston,Cranston,
043d0001,007c0502,Animal Crossing,Animal Crossing,Phil,Phil,
043e0001,01490502,Animal Crossing,Animal Crossing,Blanche,Blanche,
043f0001,01550502,Animal Crossing,Animal Crossing,Flora,Flora,
04400001,00ca0502,Animal Crossing,Animal Crossing,Phoebe,Phoebe,
044b0001,016c0502,Animal Crossing,Animal Crossing,Apollo,Apollo,
044c0001,008e0502,Animal Crossing,Animal Crossing,Amelia,Amelia,
044d0001,01930502,Animal Crossing,Animal Crossing,Pierce,Pierce,
044e0001,03150502,Animal Crossing,Animal Crossing,Buzz,Buzz,
04500001,00cf0502,Animal Crossing,Animal Crossing,Avery,Avery,
04510001,015e0502,Animal Crossing,Animal Crossing,Frank,Frank,
04520001,00730502,Animal Crossing,Animal Crossing,Sterling,Sterling,
04530001,01040502,Animal Crossing,Animal Crossing,Keaton,Keaton,
04540001,01ae0502,Animal Crossing,Animal Crossing,Celia,Celia,
045f0001,01a80502,Animal Crossing,Animal Crossing,Aurora,Aurora,
04600001,00a50502,Animal Crossing,Animal Crossing,Roald,Roald,
04610001,01610502,Animal Crossing,Animal Crossing,Cube,Cube,
04620001,00f60502,Animal Crossing,Animal Crossing,Hopper,Hopper,
04630001,01310502,Animal Crossing,Animal Crossing,Friga,Friga,
04640001,00c00502,Animal Crossing,Animal Crossing,Gwen,Gwen,
04650001,006e0502,Animal Crossing,Animal Crossing,Puck,Puck,
04680001,02f20502,Animal Crossing,Animal Crossing,Wade,Wade,
04690001,01640502,Animal Crossing,Animal Crossing,Boomer,Boomer,
046a0001,01d00502,Animal Crossing,Animal Crossing,Iggly,Iggly,
046b0001,01970502,Animal Crossing,Animal Crossing,Tex,Tex,
046c0001,008c0502,Animal Crossing,Animal Crossing,Flo,Flo,
046d0001,00f30502,Animal Crossing,Animal Crossing,Sprinkle,Sprinkle,
04780001,01630502,Animal Crossing,Animal Crossing,Curly,Curly,
04790001,00920502,Animal Crossing,Animal Crossing,Truffles,Truffles,
047a0001,00600502,Animal Crossing,Animal Crossing,Rasher,Rasher,
047b0001,00f50502,Animal Crossing,Animal Crossing,Hugh,Hugh,
047c0001,01a00502,Animal Crossing,Animal Crossing,Lucy,Lucy,
047d0001,012e0502,Animal Crossing,Animal Crossing,Spork/Crackle,Spork/Crackle,
04800001,008d0502,Animal Crossing,Animal Crossing,Cobb,Cobb,
04810001,02f10502,Animal Crossing,Animal Crossing,Boris,Boris,
04820001,02fd0502,Animal Crossing,Animal Crossing,Maggie,Maggie,
04830001,01b00502,Animal Crossing,Animal Crossing,Peggy,Peggy,
04850001,014c0502,Animal Crossing,Animal Crossing,Gala,Gala,
04860001,00fc0502,Animal Crossing,Animal Crossing,Chops,Chops,
04870001,01bf0502,Animal Crossing,Animal Crossing,Kevin,Kevin,
04880001,00980502,Animal Crossing,Animal Crossing,Pancetti,Pancetti,
04890001,00ef0502,Animal Crossing,Animal Crossing,Agnes,Agnes,
04940001,009a0502,Animal Crossing,Animal Crossing,Bunnie,Bunnie,
04950001,01920502,Animal Crossing,Animal Crossing,Dotty,Dotty,
04960001,00d90502,Animal Crossing,Animal Crossing,Coco,Coco,
04970001,007a0502,Animal Crossing,Animal Crossing,Snake,Snake,
04980001,014a0502,Animal Crossing,Animal Crossing,Gaston,Gaston,
04990001,00df0502,Animal Crossing,Animal Crossing,Gabi,Gabi,
049a0001,014e0502,Animal Crossing,Animal Crossing,Pippy,Pippy,
049b0001,00610502,Animal Crossing,Animal Crossing,Tiffany,Tiffany,
049c0001,01400502,Animal Crossing,Animal Crossing,Genji,Genji,
049d0001,00ed0502,Animal Crossing,Animal Crossing,Ruby,Ruby,
049e0001,01b70502,Animal Crossing,Animal Crossing,Doc,Doc,
049f0001,03010502,Animal Crossing,Animal Crossing,Claude,Claude,
04a00001,016e0502,Animal Crossing,Animal Crossing,Francine,Francine,
04a10001,016f0502,Animal Crossing,Animal Crossing,Chrissy,Chrissy,
04a20001,02e80502,Animal Crossing,Animal Crossing,Hopkins,Hopkins,
04a30001,01c90502,Animal Crossing,Animal Crossing,OHare,OHare,
04a40001,00d40502,Animal Crossing,Animal Crossing,Carmen,Carmen,
04a50001,00740502,Animal Crossing,Animal Crossing,Bonbon,Bonbon,
04a60001,00a30502,Animal Crossing,Animal Crossing,Cole,Cole,
04a70001,01a60502,Animal Crossing,Animal Crossing,Mira,Mira,
04a80101,031e0502,Animal Crossing,Animal Crossing,Toby,Toby,
04b20001,01b90502,Animal Crossing,Animal Crossing,Tank,Tank,
04b30001,00dd0502,Animal Crossing,Animal Crossing,Rhonda,Rhonda,
04b40001,030c0502,Animal Crossing,Animal Crossing,Spike,Spike,
04b60001,02ec0502,Animal Crossing,Animal Crossing,Hornsby,Hornsby,
04b90001,01600502,Animal Crossing,Animal Crossing,Merengue,Merengue,
04ba0001,005d0502,Animal Crossing,Animal Crossing,Renée,Renée,
04c50001,01010502,Animal Crossing,Animal Crossing,Vesta,Vesta,
04c60001,01670502,Animal Crossing,Animal Crossing,Baabara,Baabara,
04c70001,00940502,Animal Crossing,Animal Crossing,Eunice,Eunice,
04c80001,02ed0502,Animal Crossing,Animal Crossing,Stella,Stella,
04c90001,030d0502,Animal Crossing,Animal Crossing,Cashmere,Cashmere,
04cc0001,00a40502,Animal Crossing,Animal Crossing,Willow,Willow,
04cd0001,01520502,Animal Crossing,Animal Crossing,Curlos,Curlos,
04ce0001,00db0502,Animal Crossing,Animal Crossing,Wendy,Wendy,
04cf0001,00e10502,Animal Crossing,Animal Crossing,Timbra,Timbra,
04d00001,01960502,Animal Crossing,Animal Crossing,Frita,Frita,
04d10001,009e0502,Animal Crossing,Animal Crossing,Muffy,Muffy,
04d20001,01a70502,Animal Crossing,Animal Crossing,Pietro,Pietro,
04d30101,031b0502,Animal Crossing,Animal Crossing,Étoile,Étoile,
04dd0001,00a20502,Animal Crossing,Animal Crossing,Peanut,Peanut,
04de0001,00ce0502,Animal Crossing,Animal Crossing,Blaire,Blaire,
04df0001,00e80502,Animal Crossing,Animal Crossing,Filbert,Filbert,
04e00001,00f70502,Animal Crossing,Animal Crossing,Pecan,Pecan,
04e10001,01be0502,Animal Crossing,Animal Crossing,Nibbles,Nibbles,
04e20001,01090502,Animal Crossing,Animal Crossing,Agent S,Agent S,
04e30001,01650502,Animal Crossing,Animal Crossing,Caroline,Caroline,
04e40001,01b60502,Animal Crossing,Animal Crossing,Sally,Sally,
04e50001,01ad0502,Animal Crossing,Animal Crossing,Static,Static,
04e60001,00820502,Animal Crossing,Animal Crossing,Mint,Mint,
04e70001,01320502,Animal Crossing,Animal Crossing,Ricky,Ricky,
04e80001,01ce0502,Animal Crossing,Animal Crossing,Cally,Cally,
04ea0001,03180502,Animal Crossing,Animal Crossing,Tasha,Tasha,
04eb0001,02f00502,Animal Crossing,Animal Crossing,Sylvana,Sylvana,
04ec0001,00770502,Animal Crossing,Animal Crossing,Poppy,Poppy,
04ed0001,00620502,Animal Crossing,Animal Crossing,Sheldon,Sheldon,
04ee0001,014b0502,Animal Crossing,Animal Crossing,Marshal,Marshal,
04ef0001,013b0502,Animal Crossing,Animal Crossing,Hazel,Hazel,
04fa0001,01680502,Animal Crossing,Animal Crossing,Rolf,Rolf,
04fb0001,01c60502,Animal Crossing,Animal Crossing,Rowan,Rowan,
04fc0001,02ee0502,Animal Crossing,Animal Crossing,Tybalt,Tybalt,
04fd0001,007b0502,Animal Crossing,Animal Crossing,Bangle,Bangle,
04fe0001,00590502,Animal Crossing,Animal Crossing,Leonardo,Leonardo,
04ff0001,01620502,Animal Crossing,Animal Crossing,Claudia,Claudia,
05000001,00e70502,Animal Crossing,Animal Crossing,Bianca,Bianca,
050b0001,00990502,Animal Crossing,Animal Crossing,Chief,Chief,
050c0001,01c10502,Animal Crossing,Animal Crossing,Lobo,Lobo,
050d0001,01420502,Animal Crossing,Animal Crossing,Wolfgang,Wolfgang,
050e0001,00d70502,Animal Crossing,Animal Crossing,Whitney,Whitney,
050f0001,03140502,Animal Crossing,Animal Crossing,Dobie,Dobie,
05100001,01070502,Animal Crossing,Animal Crossing,Freya,Freya,
05110001,01950502,Animal Crossing,Animal Crossing,Fang,Fang,
05130001,02e70502,Animal Crossing,Animal Crossing,Vivian,Vivian,
05140001,01530502,Animal Crossing,Animal Crossing,Skye,Skye,
05150001,005b0502,Animal Crossing,Animal Crossing,Kyle,Kyle,
05800000,00050002,Super Smash Bros.,Star Fox,Fox,Fox,
05810000,001c0002,Super Smash Bros.,Star Fox,Falco,Falco,
05840000,037e0002,Super Smash Bros.,Star Fox,Wolf,Wolf,
05c00000,00060002,Super Smash Bros.,Metroid,Samus,Samus,
05c00000,03651302,Metroid,Metroid,Samus,Samus Aran,
05c00000,04121302,Metroid,Metroid,Samus,Samus - Metroid Dread,
05c00100,001d0002,Super Smash Bros.,Metroid,Samus,Zero Suit Samus,
05c10000,03661302,Metroid,Metroid,Metroid,Metroid,
05c20000,037f0002,Super Smash Bros.,Metroid,Ridley,Ridley,
05c30000,03800002,Super Smash Bros.,Metroid,Dark Samus,Dark Samus,
05c40000,04131302,Metroid,Metroid,E.M.M.I.,E.M.M.I.,
06000000,00120002,Super Smash Bros.,F-Zero,Captain Falcon,Captain Falcon,
06400100,001e0002,Super Smash Bros.,Pikmin,Olimar,Olimar,
06420000,035f1102,Pikmin,Pikmin,Pikmin,Pikmin,
06c00000,000f0002,Super Smash Bros.,Punch Out,Little Mac,Little Mac,
07000000,00070002,Super Smash Bros.,Wii Fit,Wii Fit Trainer,Wii Fit Trainer,
07400000,00100002,Super Smash Bros.,Kid Icarus,Pit,Pit,
07410000,00200002,Super Smash Bros.,Kid Icarus,Dark Pit,Dark Pit,
07420000,001f0002,Super Smash Bros.,Kid Icarus,Palutena,Palutena,
07800000,002d0002,Super Smash Bros.,Classic Nintendo,Mr. G&W,Mr. Game & Watch,
07810000,002e0002,Super Smash Bros.,Classic Nintendo,R.O.B.,R.O.B. - Famicom,
07810000,00330002,Super Smash Bros.,Classic Nintendo,R.O.B.,R.O.B. - NES,
07820000,002f0002,Super Smash Bros.,Classic Nintendo,Duck Hunt,Duck Hunt,
078f0000,03810002,Super Smash Bros.,Classic Nintendo,Ice Climbers,Ice Climbers,
07c00000,00210002,Super Smash Bros.,Mii,Mii,Mii Brawler,
07c00100,00220002,Super Smash Bros.,Mii,Mii,Mii Swordfighter,
07c00200,00230002,Super Smash Bros.,Mii,Mii,Mii Gunner,
08000100,003e0402,Splatoon,Splatoon,Inkling,Inkling Girl,
08000100,025f0402,Splatoon,Splatoon,Inkling,Inkling Girl - Lime Green,
08000100,03690402,Splatoon,Splatoon,Inkling,Inkling Girl - Neon Pink,
08000100,03820002,Super Smash Bros.,Splatoon,Inkling,Inkling,
08000100,04150402,Splatoon,Splatoon,Inkling,Inkling - Yellow,
08000200,003f0402,Splatoon,Splatoon,Inkling,Inkling Boy,
08000200,02600402,Splatoon,Splatoon,Inkling,Inkling Boy - Purple,
08000200,036a0402,Splatoon,Splatoon,Inkling,Inkling Boy - Neon Green,
08000300,00400402,Splatoon,Splatoon,Inkling,Inkling Squid,
08000300,02610402,Splatoon,Splatoon,Inkling,Inkling Squid - Orange,
08000300,036b0402,Splatoon,Splatoon,Inkling,Inkling Squid - Neon Purple,
08010000,025d0402,Splatoon,Splatoon,Callie,Callie,
08020000,025e0402,Splatoon,Splatoon,Marie,Marie,
08030000,03760402,Splatoon,Splatoon,Pearl,Pearl,
08040000,03770402,Splatoon,Splatoon,Marina,Marina,
08050100,038e0402,Splatoon,Splatoon,Octoling,Octoling Girl,
08050200,038f0402,Splatoon,Splatoon,Octoling,Octoling Boy,
08050200,041b0402,Splatoon,Splatoon,Octoling,Octoling - Blue,
08050300,03900402,Splatoon,Splatoon,Octoling,Octoling Octopus,
08060100,041c0402,Splatoon,Splatoon,Smallfry,Smallfry,
09c00101,02690e02,Mario Sports Superstars,Mario Sports Superstars,Mario,Mario - Soccer,
09c00201,026a0e02,Mario Sports Superstars,Mario Sports Superstars,Mario,Mario - Baseball,
09c00301,026b0e02,Mario Sports Superstars,Mario Sports Superstars,Mario,Mario - Tennis,
09c00401,026c0e02,Mario Sports Superstars,Mario Sports Superstars,Mario,Mario - Golf,
09c00501,026d0e02,Mario Sports Superstars,Mario Sports Superstars,Mario,Mario - Horse Racing,
09c10101,026e0e02,Mario Sports Superstars,Mario Sports Superstars,Luigi,Luigi - Soccer,
09c10201,026f0e02,Mario Sports Superstars,Mario Sports Superstars,Luigi,Luigi - Baseball,
09c10301,02700e02,Mario Sports Superstars,Mario Sports Superstars,Luigi,Luigi - Tennis,
09c10401,02710e02,Mario Sports Superstars,Mario Sports Superstars,Luigi,Luigi - Golf,
09c10501,02720e02,Mario Sports Superstars,Mario Sports Superstars,Luigi,Luigi - Horse Racing,
09c20101,02730e02,Mario Sports Superstars,Mario Sports Superstars,Peach,Peach - Soccer,
09c20201,02740e02,Mario Sports Superstars,Mario Sports Superstars,Peach,Peach - Baseball,
09c20301,02750e02,Mario Sports Superstars,Mario Sports Superstars,Peach,Peach - Tennis,
09c20401,02760e02,Mario Sports Superstars,Mario Sports Superstars,Peach,Peach - Golf,
09c20501,02770e02,Mario Sports Superstars,Mario Sports Superstars,Peach,Peach - Horse Racing,
09c30101,02780e02,Mario Sports Superstars,Mario Sports Superstars,Daisy,Daisy - Soccer,
09c30201,02790e02,Mario Sports Superstars,Mario Sports Superstars,Daisy,Daisy - Baseball,
09c30301,027a0e02,Mario Sports Superstars,Mario Sports Superstars,Daisy,Daisy - Tennis,
09c30401,027b0e02,Mario Sports Superstars,Mario Sports Superstars,Daisy,Daisy - Golf,
09c30501,027c0e02,Mario Sports Superstars,Mario Sports Superstars,Daisy,Daisy - Horse Racing,
09c40101,027d0e02,Mario Sports Superstars,Mario Sports Superstars,Yoshi,Yoshi - Soccer,
09c40201,027e0e02,Mario Sports Superstars,Mario Sports Superstars,Yoshi,Yoshi - Baseball,
09c40301,027f0e02,Mario Sports Superstars,Mario Sports Superstars,Yoshi,Yoshi - Tennis,
09c40401,02800e02,Mario Sports Superstars,Mario Sports Superstars,Yoshi,Yoshi - Golf,
09c40501,02810e02,Mario Sports Superstars,Mario Sports Superstars,Yoshi,Yoshi - Horse Racing,
09c50101,02820e02,Mario Sports Superstars,Mario Sports Superstars,Wario,Wario - Soccer,
09c50201,02830e02,Mario Sports Superstars,Mario Sports Superstars,Wario,Wario - Baseball,
09c50301,02840e02,Mario Sports Superstars,Mario Sports Superstars,Wario,Wario - Tennis,
09c50401,02850e02,Mario Sports Superstars,Mario Sports Superstars,Wario,Wario - Golf,
09c50501,02860e02,Mario Sports Superstars,Mario Sports Superstars,Wario,Wario - Horse Racing,
09c60101,02870e02,Mario Sports Superstars,Mario Sports Superstars,Waluigi,Waluigi - Soccer,
09c60201,02880e02,Mario Sports Superstars,Mario Sports Superstars,Waluigi,Waluigi - Baseball,
09c60301,02890e02,Mario Sports Superstars,Mario Sports Superstars,Waluigi,Waluigi - Tennis,
09c60401,028a0e02,Mario Sports Superstars,Mario Sports Superstars,Waluigi,Waluigi - Golf,
09c60501,028b0e02,Mario Sports Superstars,Mario Sports Superstars,Waluigi,Waluigi - Horse Racing,
09c70101,028c0e02,Mario Sports Superstars,Mario Sports Superstars,Donkey Kong,Donkey Kong - Soccer,
09c70201,028d0e02,Mario Sports Superstars,Mario Sports Superstars,Donkey Kong,Donkey Kong - Baseball,
09c70301,028e0e02,Mario Sports Superstars,Mario Sports Superstars,Donkey Kong,Donkey Kong - Tennis,
09c70401,028f0e02,Mario Sports Superstars,Mario Sports Superstars,Donkey Kong,Donkey Kong - Golf,
09c70501,02900e02,Mario Sports Superstars,Mario Sports Superstars,Donkey Kong,Donkey Kong - Horse Racing,
09c80101,02910e02,Mario Sports Superstars,Mario Sports Superstars,Diddy Kong,Diddy Kong - Soccer,
09c80201,02920e02,Mario Sports Superstars,Mario Sports Superstars,Diddy Kong,Diddy Kong - Baseball,
09c80301,02930e02,Mario Sports Superstars,Mario Sports Superstars,Diddy Kong,Diddy Kong - Tennis,
09c80401,02940e02,Mario Sports Superstars,Mario Sports Superstars,Diddy Kong,Diddy Kong - Golf,
09c80501,02950e02,Mario Sports Superstars,Mario Sports Superstars,Diddy Kong,Diddy Kong - Horse Racing,
09c90101,02960e02,Mario Sports Superstars,Mario Sports Superstars,Bowser,Bowser - Soccer,
09c90201,02970e02,Mario Sports Superstars,Mario Sports Superstars,Bowser,Bowser - Baseball,
09c90301,02980e02,Mario Sports Superstars,Mario Sports Superstars,Bowser,Bowser - Tennis,
09c90401,02990e02,Mario Sports Superstars,Mario Sports Superstars,Bowser,Bowser - Golf,
09c90501,029a0e02,Mario Sports Superstars,Mario Sports Superstars,Bowser,Bowser - Horse Racing,
09ca0101,029b0e02,Mario Sports Superstars,Mario Sports Superstars,Bowser Jr.,Bowser Jr. - Soccer,
09ca0201,029c0e02,Mario Sports Superstars,Mario Sports Superstars,Bowser Jr.,Bowser Jr. - Baseball,
09ca0301,029d0e02,Mario Sports Superstars,Mario Sports Superstars,Bowser Jr.,Bowser Jr. - Tennis,
09ca0401,029e0e02,Mario Sports Superstars,Mario Sports Superstars,Bowser Jr.,Bowser Jr. - Golf,
09ca0501,029f0e02,Mario Sports Superstars,Mario Sports Superstars,Bowser Jr.,Bowser Jr. - Horse Racing,
09cb0101,02a00e02,Mario Sports Superstars,Mario Sports Superstars,Boo,Boo - Soccer,
09cb0201,02a10e02,Mario Sports Superstars,Mario Sports Superstars,Boo,Boo - Baseball,
09cb0301,02a20e02,Mario Sports Superstars,Mario Sports Superstars,Boo,Boo - Tennis,
09cb0401,02a30e02,Mario Sports Superstars,Mario Sports Superstars,Boo,Boo - Golf,
09cb0501,02a40e02,Mario Sports Superstars,Mario Sports Superstars,Boo,Boo - Horse Racing,
09cc0101,02a50e02,Mario Sports Superstars,Mario Sports Superstars,Baby Mario,Baby Mario - Soccer,
09cc0201,02a60e02,Mario Sports Superstars,Mario Sports Superstars,Baby Mario,Baby Mario - Baseball,
09cc0301,02a70e02,Mario Sports Superstars,Mario Sports Superstars,Baby Mario,Baby Mario - Tennis,
09cc0401,02a80e02,Mario Sports Superstars,Mario Sports Superstars,Baby Mario,Baby Mario - Golf,
09cc0501,02a90e02,Mario Sports Superstars,Mario Sports Superstars,Baby Mario,Baby Mario - Horse Racing,
09cd0101,02aa0e02,Mario Sports Superstars,Mario Sports Superstars,Baby Luigi,Baby Luigi - Soccer,
09cd0201,02ab0e02,Mario Sports Superstars,Mario Sports Superstars,Baby Luigi,Baby Luigi - Baseball,
09cd0301,02ac0e02,Mario Sports Superstars,Mario Sports Superstars,Baby Luigi,Baby Luigi - Tennis,
09cd0401,02ad0e02,Mario Sports Superstars,Mario Sports Superstars,Baby Luigi,Baby Luigi - Golf,
09cd0501,02ae0e02,Mario Sports Superstars,Mario Sports Superstars,Baby Luigi,Baby Luigi - Horse Racing,
09ce0101,02af0e02,Mario Sports Superstars,Mario Sports Superstars,Birdo,Birdo - Soccer,
09ce0201,02b00e02,Mario Sports Superstars,Mario Sports Superstars,Birdo,Birdo - Baseball,
09ce0301,02b10e02,Mario Sports Superstars,Mario Sports Superstars,Birdo,Birdo - Tennis,
09ce0401,02b20e02,Mario Sports Superstars,Mario Sports Superstars,Birdo,Birdo - Golf,
09ce0501,02b30e02,Mario Sports Superstars,Mario Sports Superstars,Birdo,Birdo - Horse Racing,
09cf0101,02b40e02,Mario Sports Superstars,Mario Sports Superstars,Rosalina,Rosalina - Soccer,
09cf0201,02b50e02,Mario Sports Superstars,Mario Sports Superstars,Rosalina,Rosalina - Baseball,
09cf0301,02b60e02,Mario Sports Superstars,Mario Sports Superstars,Rosalina,Rosalina - Tennis,
09cf0401,02b70e02,Mario Sports Superstars,Mario Sports Superstars,Rosalina,Rosalina - Golf,
09cf0501,02b80e02,Mario Sports Superstars,Mario Sports Superstars,Rosalina,Rosalina - Horse Racing,
09d00101,02b90e02,Mario Sports Superstars,Mario Sports Superstars,Metal Mario,Metal Mario - Soccer,
09d00201,02ba0e02,Mario Sports Superstars,Mario Sports Superstars,Metal Mario,Metal Mario - Baseball,
09d00301,02bb0e02,Mario Sports Superstars,Mario Sports Superstars,Metal Mario,Metal Mario - Tennis,
09d00401,02bc0e02,Mario Sports Superstars,Mario Sports Superstars,Metal Mario,Metal Mario - Golf,
09d00501,02bd0e02,Mario Sports Superstars,Mario Sports Superstars,Metal Mario,Metal Mario - Horse Racing,
09d10101,02be0e02,Mario Sports Superstars,Mario Sports Superstars,Pink Gold Peach,Pink Gold Peach - Soccer,
09d10201,02bf0e02,Mario Sports Superstars,Mario Sports Superstars,Pink Gold Peach,Pink Gold Peach - Baseball,
09d10301,02c00e02,Mario Sports Superstars,Mario Sports Superstars,Pink Gold Peach,Pink Gold Peach - Tennis,
09d10401,02c10e02,Mario Sports Superstars,Mario Sports Superstars,Pink Gold Peach,Pink Gold Peach - Golf,
09d10501,02c20e02,Mario Sports Superstars,Mario Sports Superstars,Pink Gold Peach,Pink Gold Peach - Horse Racing,
0a000001,03ab0502,Animal Crossing,Animal Crossing,Orville,Orville,
0a010001,03ac0502,Animal Crossing,Animal Crossing,Wilbur,Wilbur,
0a020001,03b30502,Animal Crossing,Animal Crossing,C.J.,C.J.,
0a030001,03b40502,Animal Crossing,Animal Crossing,Flick,Flick,
0a040001,03b50502,Animal Crossing,Animal Crossing,Daisy Mae,Daisy Mae,
0a050001,03b80502,Animal Crossing,Animal Crossing,Harvey,Harvey,
0a060001,03ba0502,Animal Crossing,Animal Crossing,Wisp,Wisp,
0a070001,03bc0502,Animal Crossing,Animal Crossing,Niko,Niko,
0a080001,03bd0502,Animal Crossing,Animal Crossing,Wardell,Wardell,
0a090001,03c00502,Animal Crossing,Animal Crossing,Sherb,Sherb,
0a0a0001,03c10502,Animal Crossing,Animal Crossing,Megan,Megan,
0a0b0001,03c20502,Animal Crossing,Animal Crossing,Dom,Dom,
0a0c0001,03c30502,Animal Crossing,Animal Crossing,Audie,Audie,
0a0d0001,03c40502,Animal Crossing,Animal Crossing,Cyd,Cyd,
0a0e0001,03c50502,Animal Crossing,Animal Crossing,Judy,Judy,
0a0f0001,03c60502,Animal Crossing,Animal Crossing,Raymond,Raymond,
0a100001,03c70502,Animal Crossing,Animal Crossing,Reneigh,Reneigh,
0a110001,03c80502,Animal Crossing,Animal Crossing,Sasha,Sasha,
0a120001,03c90502,Animal Crossing,Animal Crossing,Ione,Ione,
0a130001,03ca0502,Animal Crossing,Animal Crossing,Tiansheng,Tiansheng,
0a140001,03cb0502,Animal Crossing,Animal Crossing,Shino,Shino,
0a150001,03cc0502,Animal Crossing,Animal Crossing,Marlo,Marlo,
0a160001,03cd0502,Animal Crossing,Animal Crossing,Petri,Petri,
0a170001,03ce0502,Animal Crossing,Animal Crossing,Cephalobot,Cephalobot,
0a180001,03cf0502,Animal Crossing,Animal Crossing,Quinn,Quinn,
0a190001,03d00502,Animal Crossing,Animal Crossing,Chabwick,Chabwick,
0a1a0001,03d10502,Animal Crossing,Animal Crossing,Zoe,Zoe,
0a1b0001,03d20502,Animal Crossing,Animal Crossing,Ace,Ace,
0a1c0001,03d30502,Animal Crossing,Animal Crossing,Rio,Rio,
0a1d0001,03d40502,Animal Crossing,Animal Crossing,Frett,Frett,
0a1e0001,03d50502,Animal Crossing,Animal Crossing,Azalea,Azalea,
0a1f0001,03d60502,Animal Crossing,Animal Crossing,Roswell,Roswell,
0a200001,03d70502,Animal Crossing,Animal Crossing,Faith,Faith,
0a400000,041d0002,Super Smash Bros.,ARMS,Min Min,Min Min,
19020000,03830002,Super Smash Bros.,Pokemon,Ivysaur,Ivysaur,
19060000,00240002,Super Smash Bros.,Pokemon,Charizard,Charizard,
19070000,03840002,Super Smash Bros.,Pokemon,Squirtle,Squirtle,
19190000,00090002,Super Smash Bros.,Pokemon,Pikachu,Pikachu,
19270000,00260002,Super Smash Bros.,Pokemon,Jigglypuff,Jigglypuff,
19960000,023d0002,Super Smash Bros.,Pokemon,Mewtwo,Mewtwo,
19ac0000,03850002,Super Smash Bros.,Pokemon,Pichu,Pichu,
1ac00000,00110002,Super Smash Bros.,Pokemon,Lucario,Lucario,
1b920000,00250002,Super Smash Bros.,Pokemon,Greninja,Greninja,
1bd70000,03860002,Super Smash Bros.,Pokemon,Incineroar,Incineroar,
1d000001,025c0d02,Pokemon,Pokemon,Shadow Mewtwo,Shadow Mewtwo,
1d010000,03750d02,Pokemon,Pokemon,Detective Pikachu,Detective Pikachu,
1d400000,03870002,Super Smash Bros.,Pokemon,Pokemon Trainer,Pokemon Trainer,
1f000000,000a0002,Super Smash Bros.,Kirby,Kirby,Kirby,
1f000000,02540c02,Kirby,Kirby,Kirby,Kirby,
1f010000,00270002,Super Smash Bros.,Kirby,Meta Knight,Meta Knight,
1f010000,02550c02,Kirby,Kirby,Meta Knight,Meta Knight,
1f020000,00280002,Super Smash Bros.,Kirby,King Dedede,King Dedede,
1f020000,02560c02,Kirby,Kirby,King Dedede,King Dedede,
1f030000,02570c02,Kirby,Kirby,Waddle Dee,Waddle Dee,
1f400000,035e1002,BoxBoy!,BoxBoy!,Qbby,Qbby,
21000000,000b0002,Super Smash Bros.,Fire Emblem,Marth,Marth,
21010000,00180002,Super Smash Bros.,Fire Emblem,Ike,Ike,
21020000,00290002,Super Smash Bros.,Fire Emblem,Lucina,Lucina,
21030000,002a0002,Super Smash Bros.,Fire Emblem,Robin,Robin,
21040000,02520002,Super Smash Bros.,Fire Emblem,Roy,Roy,
21050000,025a0002,Super Smash Bros.,Fire Emblem,Corrin,Corrin,
21050100,03630002,Super Smash Bros.,Fire Emblem,Corrin,Corrin - Player 2,
21060000,03601202,Fire Emblem,Fire Emblem,Alm,Alm,
21070000,03611202,Fire Emblem,Fire Emblem,Celica,Celica,
21080000,036f1202,Fire Emblem,Fire Emblem,Chrom,Chrom,
21080000,03880002,Super Smash Bros.,Fire Emblem,Chrom,Chrom,
21090000,03701202,Fire Emblem,Fire Emblem,Tiki,Tiki,
210b0000,03a50002,Super Smash Bros.,Fire Emblem,Byleth,Byleth,
22400000,002b0002,Super Smash Bros.,Xenoblade,Shulk,Shulk,
22800000,002c0002,Super Smash Bros.,Earthbound,Ness,Ness,
22810000,02510002,Super Smash Bros.,Earthbound,Lucas,Lucas,
22c00000,003a0202,Chibi-Robo!,Chibi Robo,Chibi-Robo,Chibi Robo,
32000000,00300002,Super Smash Bros.,Sonic,Sonic,Sonic,
32400000,025b0002,Super Smash Bros.,Bayonetta,Bayonetta,Bayonetta,
32400100,03640002,Super Smash Bros.,Bayonetta,Bayonetta,Bayonetta - Player 2,
33400000,00320002,Super Smash Bros.,Pac-man,PAC-MAN,Pac-Man,
33800000,03781402,Others,Dark Souls,Solaire of Astora,Solaire of Astora,
34800000,00310002,Super Smash Bros.,Megaman,Mega Man,Mega Man,
34800000,02580002,Super Smash Bros.,Megaman,Mega Man,Mega Man - Gold Edition,
34800000,03791502,Mega Man,Megaman,Mega Man,Mega Man,
34c00000,02530002,Super Smash Bros.,Street fighter,Ryu,Ryu,
34c10000,03890002,Super Smash Bros.,Street fighter,Ken,Ken,
35000100,02e10f02,Monster Hunter,Monster Hunter,One-Eyed Rathalos,One-Eyed Rathalos and Rider - Male,
35000200,02e20f02,Monster Hunter,Monster Hunter,One-Eyed Rathalos,One-Eyed Rathalos and Rider - Female,
35010000,02e30f02,Monster Hunter,Monster Hunter,Nabiru,Nabiru,
35020100,02e40f02,Monster Hunter,Monster Hunter,Rathian,Rathian and Cheval,
35030100,02e50f02,Monster Hunter,Monster Hunter,Barioth,Barioth and Ayuria,
35040100,02e60f02,Monster Hunter,Monster Hunter,Qurupeco,Qurupeco and Dan,
35050000,040c0f02,Monster Hunter,Monster Hunter,Razewing Ratha,Razewing Ratha,
35060000,040d0f02,Monster Hunter,Monster Hunter,Ena,Ena,
35070000,040e0f02,Monster Hunter,Monster Hunter,Tsukino,Tsukino,
35080000,040f1802,Monster Hunter Rise,Monster Hunter,Magnamalo,Magnamalo,
35090000,04101802,Monster Hunter Rise,Monster Hunter,Palico,Palico,
35090100,042b1802,Monster Hunter Rise,Monster Hunter,Palico,Palico,
350a0000,04111802,Monster Hunter Rise,Monster Hunter,Palamute,Palamute,
350a0100,042c1802,Monster Hunter Rise,Monster Hunter,Palamute,Palamute,
350b0000,042d1802,Monster Hunter Rise,Monster Hunter,Malzeno,Malzeno,
35c00000,02500a02,Shovel Knight,Shovel Knight,Shovel Knight,Shovel Knight,
35c00000,03920a02,Shovel Knight,Shovel Knight,Shovel Knight,Shovel Knight - Gold Edition,
35c10000,036c0a02,Shovel Knight,Shovel Knight,Plague Knight,Plague Knight,
35c20000,036d0a02,Shovel Knight,Shovel Knight,Specter Knight,Specter Knight,
35c30000,036e0a02,Shovel Knight,Shovel Knight,King Knight,King Knight,
36000000,02590002,Super Smash Bros.,Final Fantasy,Cloud Strife,Cloud,
36000100,03620002,Super Smash Bros.,Final Fantasy,Cloud Strife,Cloud - Player 2,
36400000,03a20002,Super Smash Bros.,Dragon Quest,Hero,Hero,
37400001,03741402,Others,Kellogs,Mario Cereal,Super Mario Cereal,
37800000,038a0002,Super Smash Bros.,Metal Gear Solid,Snake,Snake,
37c00000,038b0002,Super Smash Bros.,Castlevania,Simon,Simon,
37c10000,038c0002,Super Smash Bros.,Castlevania,Richter,Richter,
38000001,03931702,Power Pros,Power Pros,Pawapuro,Pawapuro,
38010001,03941702,Power Pros,Power Pros,Ikari,Ikari,
38020001,03951702,Power Pros,Power Pros,Daijobu,Daijobu,
38030001,03961702,Power Pros,Power Pros,Hayakawa,Hayakawa,
38040001,03971702,Power Pros,Power Pros,Yabe,Yabe,
38050001,03981702,Power Pros,Power Pros,Ganda,Ganda,
38400001,04241902,Yu-Gi-Oh!,Yu-Gi-Oh!,Yuga Ohdo,Yuga Ohdo,
38410001,04251902,Yu-Gi-Oh!,Yu-Gi-Oh!,Tatsuhisa “Luke” Kamijō,Tatsuhisa “Luke” Kamijō,
38420001,04261902,Yu-Gi-Oh!,Yu-Gi-Oh!,Gakuto Sōgetsu,Gakuto Sōgetsu,
38430001,04271902,Yu-Gi-Oh!,Yu-Gi-Oh!,Romin Kirishima,Romin Kirishima,
38440001,04281902,Yu-Gi-Oh!,Yu-Gi-Oh!,Roa Kirishima,Roa Kirishima,
38450001,04291902,Yu-Gi-Oh!,Yu-Gi-Oh!,Nail Saionji,Nail Saionji,
38460001,042a1902,Yu-Gi-Oh!,Yu-Gi-Oh!,Asana Mutsuba,Asana Mutsuba,
38c00000,03911602,Diablo,Diablo,Loot Goblin,Loot Goblin,
3a000000,03a10002,Super Smash Bros.,Persona,Joker,Joker,
3b400000,03a30002,Super Smash Bros.,Banjo Kazooie,Banjo,Banjo & Kazooie,
3c800000,03a40002,Super Smash Bros.,Fatal Fury,Terry,Terry,
3dc00000,04220002,Super Smash Bros.,Minecraft,Steve,Steve,
3dc10000,04230002,Super Smash Bros.,Minecraft,Alex,Alex,
33c00000,04200002,Super Smash Bros.,Tekken,Kazuya,Kazuya,
36010000,04210002,Super Smash Bros.,Final Fantasy,Sephiroth,Sephiroth,
00000003,0430ff02,Super Nintendo World,Super Mario,Mario,Golden - Power Up Band,
01000000,04180902,Legend Of Zelda,The Legend of Zelda,Link,Link - Tears of the Kingdom,
